{
    "metadata": {
        "generator": "io_three",
        "type": "Geometry",
        "vertices": 24,
        "uvs": 1,
        "version": 3,
        "normals": 24,
        "faces": 26
    },
    "vertices": [-0,-0,-5.18339,-4.48895,-0,-2.5917,-4.48895,0,2.5917,0,0,5.18339,4.48895,0,2.5917,4.48895,-0,-2.5917,-0,0.517,-3.89343,-3.37181,0.517,-1.94671,-3.37181,0.517,1.94671,0,0.517,3.89343,3.37181,0.517,1.94671,3.37181,0.517,-1.94671,-0,0.675626,-4.07571,-0,0.574238,-4.53699,3.92915,0.574239,-2.2685,3.52967,0.675626,-2.03786,3.92915,0.574239,2.2685,3.52967,0.675626,2.03786,0,0.574239,4.53699,0,0.675626,4.07571,-3.92915,0.574239,2.2685,-3.52967,0.675626,2.03786,-3.92915,0.574239,-2.2685,-3.52967,0.675626,-2.03786],
    "uvs": [[0,0,1,0,1,1,0,1,0.5,1,0.933013,0.75,0.933013,0.25,0.5,0,0.066987,0.25,0.066987,0.75]],
    "normals": [0,0.995086,0.09888,0,0.896237,0.443525,-0.384106,0.896237,0.221747,-0.085635,0.995086,0.04944,-0.384106,0.896237,-0.221747,-0.085635,0.995086,-0.04944,0,0.896237,-0.443525,0,0.995086,-0.09888,0.384106,0.896237,-0.221747,0.085635,0.995086,-0.04944,0.384106,0.896237,0.221747,0.085635,0.995086,0.04944,-0.830348,-0.283975,-0.479385,0,-0.283975,0.958831,-0.830348,-0.283975,0.479385,0.830348,-0.283975,-0.479415,0.830348,-0.283975,0.479415,0,-0.283975,-0.958831,0,0.857082,-0.515122,-0.44612,0.857082,-0.257546,-0.44612,0.857082,0.257546,0,0.857082,0.515122,0.44612,0.857082,0.257546,0.44612,0.857082,-0.257546],
    "faces": [41,12,6,11,15,0,1,2,3,0,1,2,3,41,15,11,10,17,0,1,2,3,3,2,4,5,41,17,10,9,19,0,1,2,3,5,4,6,7,41,19,9,8,21,0,1,2,3,7,6,8,9,41,21,8,7,23,0,1,2,3,9,8,10,11,41,23,7,6,12,0,1,2,3,11,10,1,0,40,7,11,6,4,8,9,10,2,1,40,9,10,11,6,7,8,6,4,2,40,7,8,9,4,5,6,10,8,6,40,7,9,11,4,6,8,10,6,2,40,1,3,2,4,8,9,12,13,14,40,5,4,3,6,7,8,15,16,13,40,1,0,5,4,5,6,12,17,15,40,1,5,3,4,6,8,12,15,13,41,13,0,1,22,2,3,0,1,18,17,12,19,41,22,23,12,13,0,1,2,3,19,11,0,18,41,2,20,22,1,0,1,2,3,14,20,19,12,41,20,21,23,22,0,1,2,3,20,9,11,19,41,3,18,20,2,0,1,2,3,13,21,20,14,41,18,19,21,20,0,1,2,3,21,7,9,20,41,4,16,18,3,0,1,2,3,16,22,21,13,41,16,17,19,18,0,1,2,3,22,5,7,21,41,5,14,16,4,0,1,2,3,15,23,22,16,41,14,15,17,16,0,1,2,3,23,3,5,22,41,0,13,14,5,0,1,2,3,17,18,23,15,41,13,12,15,14,0,1,2,3,18,0,3,23],
    "name": "CircleGeometry.2"
}